{
    "session_id": "e11b820d",
    "total_time": 30,
    "left_ratio": 6.206896551724138,
    "right_ratio": 21.724137931034484,
    "left_count": 180,
    "right_count": 630
}