{
    "session_id": "b1a43479",
    "total_time": 30,
    "left_ratio": 19.413793103448278,
    "right_ratio": 9.551724137931034,
    "left_count": 563,
    "right_count": 277
}